crow,ccol,relative_path,full_path,bkr_ids,bkr_count,file_exists
48,210,48/daily_mean_RES1_C210R48.csv.gz,data\dwd\csvs\germany_ubn_1951-01-01_to_2024-08-30\48\daily_mean_RES1_C210R48.csv.gz,155,1,False
48,268,48/daily_mean_RES1_C268R48.csv.gz,data\dwd\csvs\germany_ubn_1951-01-01_to_2024-08-30\48\daily_mean_RES1_C268R48.csv.gz,157,1,False
50,240,50/daily_mean_RES1_C240R50.csv.gz,data\dwd\csvs\germany_ubn_1951-01-01_to_2024-08-30\50\daily_mean_RES1_C240R50.csv.gz,156,1,False
100,317,100/daily_mean_RES1_C317R100.csv.gz,data\dwd\csvs\germany_ubn_1951-01-01_to_2024-08-30\100\daily_mean_RES1_C317R100.csv.gz,154,1,False
117,532,117/daily_mean_RES1_C532R117.csv.gz,data\dwd\csvs\germany_ubn_1951-01-01_to_2024-08-30\117\daily_mean_RES1_C532R117.csv.gz,105,1,False
123,372,123/daily_mean_RES1_C372R123.csv.gz,data\dwd\csvs\germany_ubn_1951-01-01_to_2024-08-30\123\daily_mean_RES1_C372R123.csv.gz,158,1,False
126,281,126/daily_mean_RES1_C281R126.csv.gz,data\dwd\csvs\germany_ubn_1951-01-01_to_2024-08-30\126\daily_mean_RES1_C281R126.csv.gz,153,1,False
133,488,133/daily_mean_RES1_C488R133.csv.gz,data\dwd\csvs\germany_ubn_1951-01-01_to_2024-08-30\133\daily_mean_RES1_C488R133.csv.gz,101,1,False
137,200,137/daily_mean_RES1_C200R137.csv.gz,data\dwd\csvs\germany_ubn_1951-01-01_to_2024-08-30\137\daily_mean_RES1_C200R137.csv.gz,152,1,False
182,240,182/daily_mean_RES1_C240R182.csv.gz,data\dwd\csvs\germany_ubn_1951-01-01_to_2024-08-30\182\daily_mean_RES1_C240R182.csv.gz,151,1,False
204,436,204/daily_mean_RES1_C436R204.csv.gz,data\dwd\csvs\germany_ubn_1951-01-01_to_2024-08-30\204\daily_mean_RES1_C436R204.csv.gz,102,1,False
224,147,224/daily_mean_RES1_C147R224.csv.gz,data\dwd\csvs\germany_ubn_1951-01-01_to_2024-08-30\224\daily_mean_RES1_C147R224.csv.gz,150,1,False
246,287,246/daily_mean_RES1_C287R246.csv.gz,data\dwd\csvs\germany_ubn_1951-01-01_to_2024-08-30\246\daily_mean_RES1_C287R246.csv.gz,146,1,False
248,368,248/daily_mean_RES1_C368R248.csv.gz,data\dwd\csvs\germany_ubn_1951-01-01_to_2024-08-30\248\daily_mean_RES1_C368R248.csv.gz,109,1,False
252,580,252/daily_mean_RES1_C580R252.csv.gz,data\dwd\csvs\germany_ubn_1951-01-01_to_2024-08-30\252\daily_mean_RES1_C580R252.csv.gz,106,1,False
281,180,281/daily_mean_RES1_C180R281.csv.gz,data\dwd\csvs\germany_ubn_1951-01-01_to_2024-08-30\281\daily_mean_RES1_C180R281.csv.gz,147,1,False
306,115,306/daily_mean_RES1_C115R306.csv.gz,data\dwd\csvs\germany_ubn_1951-01-01_to_2024-08-30\306\daily_mean_RES1_C115R306.csv.gz,148,1,False
328,287,328/daily_mean_RES1_C287R328.csv.gz,data\dwd\csvs\germany_ubn_1951-01-01_to_2024-08-30\328\daily_mean_RES1_C287R328.csv.gz,145,1,False
344,488,344/daily_mean_RES1_C488R344.csv.gz,data\dwd\csvs\germany_ubn_1951-01-01_to_2024-08-30\344\daily_mean_RES1_C488R344.csv.gz,104,1,False
350,212,350/daily_mean_RES1_C212R350.csv.gz,data\dwd\csvs\germany_ubn_1951-01-01_to_2024-08-30\350\daily_mean_RES1_C212R350.csv.gz,191,1,False
369,206,369/daily_mean_RES1_C206R369.csv.gz,data\dwd\csvs\germany_ubn_1951-01-01_to_2024-08-30\369\daily_mean_RES1_C206R369.csv.gz,143,1,False
373,350,373/daily_mean_RES1_C350R373.csv.gz,data\dwd\csvs\germany_ubn_1951-01-01_to_2024-08-30\373\daily_mean_RES1_C350R373.csv.gz,192,1,False
382,104,382/daily_mean_RES1_C104R382.csv.gz,data\dwd\csvs\germany_ubn_1951-01-01_to_2024-08-30\382\daily_mean_RES1_C104R382.csv.gz,142,1,False
390,398,390/daily_mean_RES1_C398R390.csv.gz,data\dwd\csvs\germany_ubn_1951-01-01_to_2024-08-30\390\daily_mean_RES1_C398R390.csv.gz,107,1,False
403,214,403/daily_mean_RES1_C214R403.csv.gz,data\dwd\csvs\germany_ubn_1951-01-01_to_2024-08-30\403\daily_mean_RES1_C214R403.csv.gz,134,1,False
452,476,452/daily_mean_RES1_C476R452.csv.gz,data\dwd\csvs\germany_ubn_1951-01-01_to_2024-08-30\452\daily_mean_RES1_C476R452.csv.gz,108,1,False
461,40,461/daily_mean_RES1_C40R461.csv.gz,data\dwd\csvs\germany_ubn_1951-01-01_to_2024-08-30\461\daily_mean_RES1_C40R461.csv.gz,141,1,False
465,274,465/daily_mean_RES1_C274R465.csv.gz,data\dwd\csvs\germany_ubn_1951-01-01_to_2024-08-30\465\daily_mean_RES1_C274R465.csv.gz,132,1,False
469,218,469/daily_mean_RES1_C218R469.csv.gz,data\dwd\csvs\germany_ubn_1951-01-01_to_2024-08-30\469\daily_mean_RES1_C218R469.csv.gz,133,1,False
489,395,489/daily_mean_RES1_C395R489.csv.gz,data\dwd\csvs\germany_ubn_1951-01-01_to_2024-08-30\489\daily_mean_RES1_C395R489.csv.gz,111,1,False
489,507,489/daily_mean_RES1_C507R489.csv.gz,data\dwd\csvs\germany_ubn_1951-01-01_to_2024-08-30\489\daily_mean_RES1_C507R489.csv.gz,195,1,False
500,391,500/daily_mean_RES1_C391R500.csv.gz,data\dwd\csvs\germany_ubn_1951-01-01_to_2024-08-30\500\daily_mean_RES1_C391R500.csv.gz,194,1,False
531,78,531/daily_mean_RES1_C78R531.csv.gz,data\dwd\csvs\germany_ubn_1951-01-01_to_2024-08-30\531\daily_mean_RES1_C78R531.csv.gz,129,1,False
534,279,534/daily_mean_RES1_C279R534.csv.gz,data\dwd\csvs\germany_ubn_1951-01-01_to_2024-08-30\534\daily_mean_RES1_C279R534.csv.gz,193,1,False
552,235,552/daily_mean_RES1_C235R552.csv.gz,data\dwd\csvs\germany_ubn_1951-01-01_to_2024-08-30\552\daily_mean_RES1_C235R552.csv.gz,130,1,False
558,114,558/daily_mean_RES1_C114R558.csv.gz,data\dwd\csvs\germany_ubn_1951-01-01_to_2024-08-30\558\daily_mean_RES1_C114R558.csv.gz,128,1,False
569,459,569/daily_mean_RES1_C459R569.csv.gz,data\dwd\csvs\germany_ubn_1951-01-01_to_2024-08-30\569\daily_mean_RES1_C459R569.csv.gz,196,1,False
598,304,598/daily_mean_RES1_C304R598.csv.gz,data\dwd\csvs\germany_ubn_1951-01-01_to_2024-08-30\598\daily_mean_RES1_C304R598.csv.gz,113,1,False
602,453,602/daily_mean_RES1_C453R602.csv.gz,data\dwd\csvs\germany_ubn_1951-01-01_to_2024-08-30\602\daily_mean_RES1_C453R602.csv.gz,112,1,False
604,38,604/daily_mean_RES1_C38R604.csv.gz,data\dwd\csvs\germany_ubn_1951-01-01_to_2024-08-30\604\daily_mean_RES1_C38R604.csv.gz,127,1,False
640,202,640/daily_mean_RES1_C202R640.csv.gz,data\dwd\csvs\germany_ubn_1951-01-01_to_2024-08-30\640\daily_mean_RES1_C202R640.csv.gz,121,1,False
663,390,663/daily_mean_RES1_C390R663.csv.gz,data\dwd\csvs\germany_ubn_1951-01-01_to_2024-08-30\663\daily_mean_RES1_C390R663.csv.gz,114,1,False
678,248,678/daily_mean_RES1_C248R678.csv.gz,data\dwd\csvs\germany_ubn_1951-01-01_to_2024-08-30\678\daily_mean_RES1_C248R678.csv.gz,123,1,False
710,485,710/daily_mean_RES1_C485R710.csv.gz,data\dwd\csvs\germany_ubn_1951-01-01_to_2024-08-30\710\daily_mean_RES1_C485R710.csv.gz,116,1,False
741,187,741/daily_mean_RES1_C187R741.csv.gz,data\dwd\csvs\germany_ubn_1951-01-01_to_2024-08-30\741\daily_mean_RES1_C187R741.csv.gz,198,1,False
751,453,751/daily_mean_RES1_C453R751.csv.gz,data\dwd\csvs\germany_ubn_1951-01-01_to_2024-08-30\751\daily_mean_RES1_C453R751.csv.gz,117,1,False
753,368,753/daily_mean_RES1_C368R753.csv.gz,data\dwd\csvs\germany_ubn_1951-01-01_to_2024-08-30\753\daily_mean_RES1_C368R753.csv.gz,115,1,False
755,241,755/daily_mean_RES1_C241R755.csv.gz,data\dwd\csvs\germany_ubn_1951-01-01_to_2024-08-30\755\daily_mean_RES1_C241R755.csv.gz,122,1,False
809,206,809/daily_mean_RES1_C206R809.csv.gz,data\dwd\csvs\germany_ubn_1951-01-01_to_2024-08-30\809\daily_mean_RES1_C206R809.csv.gz,120,1,False
847,324,847/daily_mean_RES1_C324R847.csv.gz,data\dwd\csvs\germany_ubn_1951-01-01_to_2024-08-30\847\daily_mean_RES1_C324R847.csv.gz,199,1,False
